عنوان URL,تاريخ آخر زحف
https://brightai.site/about/,1970-01-01
https://brightai.site/ai-agent/,1970-01-01
https://brightai.site/ai-bots/,1970-01-01
https://brightai.site/ai-bots/BrightMath,1970-01-01
https://brightai.site/ai-bots/BrightProject,1970-01-01
https://brightai.site/ai-bots/BrightRecruiter,1970-01-01
https://brightai.site/ai-bots/BrightSales,1970-01-01
https://brightai.site/ai-bots/BrightSupport,1970-01-01
https://brightai.site/ai-scolecs,1970-01-01
https://brightai.site/ai-workflows,1970-01-01
https://brightai.site/blog/,1970-01-01
https://brightai.site/blog/أتمتة-الذكاء-الاصطناعي-حلول-مخصصة-لتحليل-المشاريع-وتحسين-محركات-البحث-1,1970-01-01
https://brightai.site/blog/أتمتة-العمليات-باستخدام-الذكاء-الاصطناعي-الطريق-إلى-تحسين-الكفاءة-التشغيلية,1970-01-01
https://brightai.site/blog/استشارات-الذكاء-الاصطناعي-كيف-تسهم-في-تحقيق-التحول-الرقمي-للشركات,1970-01-01
https://brightai.site/blog/الأتمتة-الصناعية-وأتمتة-المهام-المتكررة-كيفية-تحسين-الكفاءة-الإنتاجية,1970-01-01
https://brightai.site/blog/الأتمتة-المالية-وأتمتة-الموارد-البشرية-حلول-مستقبلية-للشركات-الذكية,1970-01-01
https://brightai.site/blog/التحول-الرقمي-وأتمتة-العمليات-كيف-يمكن-للذكاء-الاصطناعي-أن-يقود-الابتكار,1970-01-01
https://brightai.site/blog/التعلم-الآلي-والرؤية-الحاسوبية-مستقبل-الذكاء-الاصطناعي-في-معالجة-اللغة-الطبيعية-والتعرف-على-الصور,1970-01-01
https://brightai.site/blog/الذكاء-الاصطناعي-و-التسويق,1970-01-01
https://brightai.site/blog/تحليل-البيانات,1970-01-01
https://brightai.site/blog/تعلم-الآلة-و-الأعمال,1970-01-01
https://brightai.site/blog/مقال-تحليل,1970-01-01
https://brightai.site/blog/generative-artificial-intelligence,1970-01-01
https://brightai.site/blog/ai-agent,1970-01-01
https://brightai.site/blog/ai-energy-saudi,1970-01-01
https://brightai.site/blog/ai-finance-saudi,1970-01-01
https://brightai.site/blog/ai-generative-content-industry-saudi-arabia,1970-01-01
https://brightai.site/blog/ai-guide-saudi-business,1970-01-01
https://brightai.site/blog/ai-healthcare-saudi,1970-01-01
https://brightai.site/blog/ai-implementation-cost-guide,1970-01-01
https://brightai.site/blog/ai-transformation,1970-01-01
https://brightai.site/blog/automation/hr-automation-saudi,1970-01-01
https://brightai.site/blog/big-data-analysis,1970-01-01
https://brightai.site/blog/business-intelligence-saudi,1970-01-01
https://brightai.site/blog/case-study-saudi-companies-ai-agents-customer-service,1970-01-01
https://brightai.site/blog/chatgpt-vs-claude-vs-gemini-arabic,1970-01-01
https://brightai.site/blog/choose-ai-company-saudi,1970-01-01
https://brightai.site/blog/commerce-ministry-chatbot,1970-01-01
https://brightai.site/blog/data-analytics/kpi-dashboard-guide,1970-01-01
https://brightai.site/blog/data-analytics/power-bi-saudi-guide,1970-01-01
https://brightai.site/blog/digital-banking-saudi,1970-01-01
https://brightai.site/blog/digital-health-smart-archive,1970-01-01
https://brightai.site/blog/future-of-intelligent-data-analysis-finance-sector,1970-01-01
https://brightai.site/blog/generative-artificial-intelligence,1970-01-01
https://brightai.site/blog/hr-automation-case-study,1970-01-01
https://brightai.site/blog/intelligent-data-analysis,1970-01-01
https://brightai.site/blog/kfshrc-breast-cancer-ai,1970-01-01
https://brightai.site/blog/ksu-adaptive-learning,1970-01-01
https://brightai.site/blog/nca-ai-compliance-saudi,1970-01-01
https://brightai.site/blog/nca-compliance,1970-01-01
https://brightai.site/blog/private-hospital-scheduling-optimization,1970-01-01
https://brightai.site/blog/process-automation,1970-01-01
https://brightai.site/blog/production-line,1970-01-01
https://brightai.site/blog/riyadh-municipality-ai-license,1970-01-01
https://brightai.site/blog/saudi-agritech-smart-farming,1970-01-01
https://brightai.site/blog/saudi-bank-fraud-detection,1970-01-01
https://brightai.site/blog/saudi-dates-quality-ai,1970-01-01
https://brightai.site/blog/saudi-ecommerce-ai-growth,1970-01-01
https://brightai.site/blog/saudi-edtech-personalized-learning,1970-01-01
https://brightai.site/blog/saudi-energy-predictive-maintenance,1970-01-01
https://brightai.site/blog/saudi-factory-ai-productivity,1970-01-01
https://brightai.site/blog/saudi-hospitality-dynamic-pricing,1970-01-01
https://brightai.site/blog/saudi-insurance-claims-ai,1970-01-01
https://brightai.site/blog/saudi-logistics-route-optimization,1970-01-01
https://brightai.site/blog/saudi-manufacturing-predictive-maintenance,1970-01-01
https://brightai.site/blog/saudi-mining-ai-exploration,1970-01-01
https://brightai.site/blog/saudi-petrochemical-ai-safety,1970-01-01
https://brightai.site/blog/saudi-real-estate-ai-valuation,1970-01-01
https://brightai.site/blog/saudi-renewable-energy-ai,1970-01-01
https://brightai.site/blog/saudi-smart-city-traffic,1970-01-01
https://brightai.site/blog/saudi-sports-analytics-ai,1970-01-01
https://brightai.site/blog/saudi-tourism-ai-guide,1970-01-01
https://brightai.site/blog/saudi-waste-management-ai,1970-01-01
https://brightai.site/blog/smart-automation-benefits,1970-01-01
https://brightai.site/blog/smart-crm-system,1970-01-01
https://brightai.site/blog/smart-document-processing,1970-01-01
https://brightai.site/blog/smart-inventory-management,1970-01-01
https://brightai.site/blog/top-ai-tools-saudi-2025,1970-01-01
https://brightai.site/blog/transport-logistics-solutions,1970-01-01
https://brightai.site/blog/vision-2030-ai-opportunities,1970-01-01
https://brightai.site/case-studies/,1970-01-01
https://brightai.site/consultation/,1970-01-01
https://brightai.site/contact/,1970-01-01
https://brightai.site/data-analysis/,1970-01-01
https://brightai.site/demo/ocr-demo,1970-01-01
https://brightai.site/demo/pricing,1970-01-01
https://brightai.site/demo/resources/report-ai-saudi-2026,1970-01-01
https://brightai.site/docs,1970-01-01
https://brightai.site/docs/ai-agent,1970-01-01
https://brightai.site/docs/ai-agent-en,1970-01-01
https://brightai.site/docs/ai-bots,1970-01-01
https://brightai.site/docs/ai-bots-en,1970-01-01
https://brightai.site/docs/consultation,1970-01-01
https://brightai.site/docs/consultation-en,1970-01-01
https://brightai.site/docs/contact,1970-01-01
https://brightai.site/docs/contact-en,1970-01-01
https://brightai.site/docs/data-analysis,1970-01-01
https://brightai.site/docs/data-analysis-en,1970-01-01
https://brightai.site/docs/faq,1970-01-01
https://brightai.site/docs/faq-en,1970-01-01
https://brightai.site/docs/openapi,1970-01-01
https://brightai.site/docs/privacy-policy,1970-01-01
https://brightai.site/docs/privacy-policy-en,1970-01-01
https://brightai.site/docs/services-overview,1970-01-01
https://brightai.site/docs/services-overview-en,1970-01-01
https://brightai.site/docs/smart-automation,1970-01-01
https://brightai.site/docs/smart-automation-en,1970-01-01
https://brightai.site/docs/solutions-bi,1970-01-01
https://brightai.site/docs/solutions-bi-en,1970-01-01
https://brightai.site/docs/solutions-crm,1970-01-01
https://brightai.site/docs/solutions-crm-en,1970-01-01
https://brightai.site/docs/solutions-finance,1970-01-01
https://brightai.site/docs/solutions-finance-en,1970-01-01
https://brightai.site/docs/solutions-healthcare,1970-01-01
https://brightai.site/docs/solutions-healthcare-en,1970-01-01
https://brightai.site/docs/solutions-hr,1970-01-01
https://brightai.site/docs/solutions-hr-en,1970-01-01
https://brightai.site/docs/solutions-interview,1970-01-01
https://brightai.site/docs/solutions-interview-en,1970-01-01
https://brightai.site/docs/solutions-logistics,1970-01-01
https://brightai.site/docs/solutions-logistics-en,1970-01-01
https://brightai.site/docs/solutions-ocr,1970-01-01
https://brightai.site/docs/solutions-ocr-en,1970-01-01
https://brightai.site/docs/solutions-retail,1970-01-01
https://brightai.site/docs/solutions-retail-en,1970-01-01
https://brightai.site/docs/solutions-supply-chain,1970-01-01
https://brightai.site/docs/solutions-supply-chain-en,1970-01-01
https://brightai.site/docs/terms-and-conditions,1970-01-01
https://brightai.site/docs/terms-and-conditions-en,1970-01-01
https://brightai.site/health/,1970-01-01
https://brightai.site/job.MAISco,1970-01-01
https://brightai.site/machine-learning/,1970-01-01
https://brightai.site/partners/,1970-01-01
https://brightai.site/privacy-cookies,1970-01-01
https://brightai.site/sectors/ecommerce,1970-01-01
https://brightai.site/sectors/energy,1970-01-01
https://brightai.site/sectors/finance,1970-01-01
https://brightai.site/sectors/healthcare,1970-01-01
https://brightai.site/sectors/logistics,1970-01-01
https://brightai.site/sectors/manufacturing,1970-01-01
https://brightai.site/services/,1970-01-01
https://brightai.site/smart-medical-archive,1970-01-01
https://brightai.site/tools/,1970-01-01
https://brightai.site/try/data-analyzer,1970-01-01
https://brightai.site/try/data-quality,1970-01-01
https://brightai.site/try/text-analysis,1970-01-01
https://brightai.site/what-is-ai/,1970-01-01
