"url","http_status","api_status","verdict","coverage_state","indexing_state","robots_state","page_fetch_state","last_crawl_time","google_canonical","user_canonical","rich_results_verdict","mobile_usability_verdict","error_reason","error_message"
"https://brightai.site/",200,"OK","PASS","تم إرسال الصفحة وتمت فهرستها","INDEXING_ALLOWED","ALLOWED","SUCCESSFUL","2026-02-28T19:38:24Z","https://brightai.site/","https://brightai.site/","PASS","VERDICT_UNSPECIFIED","",""
"https://brightai.site/about",200,"OK","NEUTRAL","لم يتعرّف محرّك بحث Google على عنوان URL.","INDEXING_STATE_UNSPECIFIED","ROBOTS_TXT_STATE_UNSPECIFIED","PAGE_FETCH_STATE_UNSPECIFIED","","","","","VERDICT_UNSPECIFIED","",""
"https://brightai.site/ai-agent",200,"OK","NEUTRAL","لم يتعرّف محرّك بحث Google على عنوان URL.","INDEXING_STATE_UNSPECIFIED","ROBOTS_TXT_STATE_UNSPECIFIED","PAGE_FETCH_STATE_UNSPECIFIED","","","","","VERDICT_UNSPECIFIED","",""
"https://brightai.site/ai-bots",200,"OK","NEUTRAL","لم يتعرّف محرّك بحث Google على عنوان URL.","INDEXING_STATE_UNSPECIFIED","ROBOTS_TXT_STATE_UNSPECIFIED","PAGE_FETCH_STATE_UNSPECIFIED","","","","","VERDICT_UNSPECIFIED","",""
"https://brightai.site/ai-bots/BrightMath",200,"OK","NEUTRAL","لم يتعرّف محرّك بحث Google على عنوان URL.","INDEXING_STATE_UNSPECIFIED","ROBOTS_TXT_STATE_UNSPECIFIED","PAGE_FETCH_STATE_UNSPECIFIED","","","","","VERDICT_UNSPECIFIED","",""
"https://brightai.site/ai-bots/BrightProject",200,"OK","NEUTRAL","لم يتعرّف محرّك بحث Google على عنوان URL.","INDEXING_STATE_UNSPECIFIED","ROBOTS_TXT_STATE_UNSPECIFIED","PAGE_FETCH_STATE_UNSPECIFIED","","","","","VERDICT_UNSPECIFIED","",""
"https://brightai.site/ai-bots/BrightRecruiter",200,"OK","NEUTRAL","لم يتعرّف محرّك بحث Google على عنوان URL.","INDEXING_STATE_UNSPECIFIED","ROBOTS_TXT_STATE_UNSPECIFIED","PAGE_FETCH_STATE_UNSPECIFIED","","","","","VERDICT_UNSPECIFIED","",""
"https://brightai.site/ai-bots/BrightSales",200,"OK","NEUTRAL","لم يتعرّف محرّك بحث Google على عنوان URL.","INDEXING_STATE_UNSPECIFIED","ROBOTS_TXT_STATE_UNSPECIFIED","PAGE_FETCH_STATE_UNSPECIFIED","","","","","VERDICT_UNSPECIFIED","",""
"https://brightai.site/ai-bots/BrightSupport",200,"OK","NEUTRAL","لم يتعرّف محرّك بحث Google على عنوان URL.","INDEXING_STATE_UNSPECIFIED","ROBOTS_TXT_STATE_UNSPECIFIED","PAGE_FETCH_STATE_UNSPECIFIED","","","","","VERDICT_UNSPECIFIED","",""
"https://brightai.site/ai-scolecs",200,"OK","NEUTRAL","لم يتعرّف محرّك بحث Google على عنوان URL.","INDEXING_STATE_UNSPECIFIED","ROBOTS_TXT_STATE_UNSPECIFIED","PAGE_FETCH_STATE_UNSPECIFIED","","","","","VERDICT_UNSPECIFIED","",""
"https://brightai.site/ai-workflows",200,"OK","NEUTRAL","لم يتعرّف محرّك بحث Google على عنوان URL.","INDEXING_STATE_UNSPECIFIED","ROBOTS_TXT_STATE_UNSPECIFIED","PAGE_FETCH_STATE_UNSPECIFIED","","","","","VERDICT_UNSPECIFIED","",""
"https://brightai.site/blog",200,"OK","NEUTRAL","تم الزحف إلى الصفحة - لم تتم فهرستها حاليًا","INDEXING_ALLOWED","ALLOWED","SUCCESSFUL","2025-09-27T02:20:24Z","https://brightai.site/blog","","","VERDICT_UNSPECIFIED","",""
"https://brightai.site/blog/%D8%A3%D8%AA%D9%85%D8%AA%D8%A9-%D8%A7%D9%84%D8%B0%D9%83%D8%A7%D8%A1-%D8%A7%D9%84%D8%A7%D8%B5%D8%B7%D9%86%D8%A7%D8%B9%D9%8A-%D8%AD%D9%84%D9%88%D9%84-%D9%85%D8%AE%D8%B5%D8%B5%D8%A9-%D9%84%D8%AA%D8%AD%D9%84%D9%8A%D9%84-%D8%A7%D9%84%D9%85%D8%B4%D8%A7%D8%B1%D9%8A%D8%B9-%D9%88%D8%AA%D8%AD%D8%B3%D9%8A%D9%86-%D9%85%D8%AD%D8%B1%D9%83%D8%A7%D8%AA-%D8%A7%D9%84%D8%A8%D8%AD%D8%AB-1",200,"OK","NEUTRAL","لم يتعرّف محرّك بحث Google على عنوان URL.","INDEXING_STATE_UNSPECIFIED","ROBOTS_TXT_STATE_UNSPECIFIED","PAGE_FETCH_STATE_UNSPECIFIED","","","","","VERDICT_UNSPECIFIED","",""
"https://brightai.site/blog/%D8%A3%D8%AA%D9%85%D8%AA%D8%A9-%D8%A7%D9%84%D8%B9%D9%85%D9%84%D9%8A%D8%A7%D8%AA-%D8%A8%D8%A7%D8%B3%D8%AA%D8%AE%D8%AF%D8%A7%D9%85-%D8%A7%D9%84%D8%B0%D9%83%D8%A7%D8%A1-%D8%A7%D9%84%D8%A7%D8%B5%D8%B7%D9%86%D8%A7%D8%B9%D9%8A-%D8%A7%D9%84%D8%B7%D8%B1%D9%8A%D9%82-%D8%A5%D9%84%D9%89-%D8%AA%D8%AD%D8%B3%D9%8A%D9%86-%D8%A7%D9%84%D9%83%D9%81%D8%A7%D8%A1%D8%A9-%D8%A7%D9%84%D8%AA%D8%B4%D8%BA%D9%8A%D9%84%D9%8A%D8%A9",200,"OK","NEUTRAL","لم يتعرّف محرّك بحث Google على عنوان URL.","INDEXING_STATE_UNSPECIFIED","ROBOTS_TXT_STATE_UNSPECIFIED","PAGE_FETCH_STATE_UNSPECIFIED","","","","","VERDICT_UNSPECIFIED","",""
"https://brightai.site/blog/%D8%A7%D8%B3%D8%AA%D8%B4%D8%A7%D8%B1%D8%A7%D8%AA-%D8%A7%D9%84%D8%B0%D9%83%D8%A7%D8%A1-%D8%A7%D9%84%D8%A7%D8%B5%D8%B7%D9%86%D8%A7%D8%B9%D9%8A-%D9%83%D9%8A%D9%81-%D8%AA%D8%B3%D9%87%D9%85-%D9%81%D9%8A-%D8%AA%D8%AD%D9%82%D9%8A%D9%82-%D8%A7%D9%84%D8%AA%D8%AD%D9%88%D9%84-%D8%A7%D9%84%D8%B1%D9%82%D9%85%D9%8A-%D9%84%D9%84%D8%B4%D8%B1%D9%83%D8%A7%D8%AA",200,"OK","NEUTRAL","لم يتعرّف محرّك بحث Google على عنوان URL.","INDEXING_STATE_UNSPECIFIED","ROBOTS_TXT_STATE_UNSPECIFIED","PAGE_FETCH_STATE_UNSPECIFIED","","","","","VERDICT_UNSPECIFIED","",""
"https://brightai.site/blog/%D8%A7%D9%84%D8%A3%D8%AA%D9%85%D8%AA%D8%A9-%D8%A7%D9%84%D8%B5%D9%86%D8%A7%D8%B9%D9%8A%D8%A9-%D9%88%D8%A3%D8%AA%D9%85%D8%AA%D8%A9-%D8%A7%D9%84%D9%85%D9%87%D8%A7%D9%85-%D8%A7%D9%84%D9%85%D8%AA%D9%83%D8%B1%D8%B1%D8%A9-%D9%83%D9%8A%D9%81%D9%8A%D8%A9-%D8%AA%D8%AD%D8%B3%D9%8A%D9%86-%D8%A7%D9%84%D9%83%D9%81%D8%A7%D8%A1%D8%A9-%D8%A7%D9%84%D8%A5%D9%86%D8%AA%D8%A7%D8%AC%D9%8A%D8%A9",200,"OK","NEUTRAL","لم يتعرّف محرّك بحث Google على عنوان URL.","INDEXING_STATE_UNSPECIFIED","ROBOTS_TXT_STATE_UNSPECIFIED","PAGE_FETCH_STATE_UNSPECIFIED","","","","","VERDICT_UNSPECIFIED","",""
"https://brightai.site/blog/%D8%A7%D9%84%D8%A3%D8%AA%D9%85%D8%AA%D8%A9-%D8%A7%D9%84%D9%85%D8%A7%D9%84%D9%8A%D8%A9-%D9%88%D8%A3%D8%AA%D9%85%D8%AA%D8%A9-%D8%A7%D9%84%D9%85%D9%88%D8%A7%D8%B1%D8%AF-%D8%A7%D9%84%D8%A8%D8%B4%D8%B1%D9%8A%D8%A9-%D8%AD%D9%84%D9%88%D9%84-%D9%85%D8%B3%D8%AA%D9%82%D8%A8%D9%84%D9%8A%D8%A9-%D9%84%D9%84%D8%B4%D8%B1%D9%83%D8%A7%D8%AA-%D8%A7%D9%84%D8%B0%D9%83%D9%8A%D8%A9",200,"OK","NEUTRAL","لم يتعرّف محرّك بحث Google على عنوان URL.","INDEXING_STATE_UNSPECIFIED","ROBOTS_TXT_STATE_UNSPECIFIED","PAGE_FETCH_STATE_UNSPECIFIED","","","","","VERDICT_UNSPECIFIED","",""
"https://brightai.site/blog/%D8%A7%D9%84%D8%AA%D8%AD%D9%88%D9%84-%D8%A7%D9%84%D8%B1%D9%82%D9%85%D9%8A-%D9%88%D8%A3%D8%AA%D9%85%D8%AA%D8%A9-%D8%A7%D9%84%D8%B9%D9%85%D9%84%D9%8A%D8%A7%D8%AA-%D9%83%D9%8A%D9%81-%D9%8A%D9%85%D9%83%D9%86-%D9%84%D9%84%D8%B0%D9%83%D8%A7%D8%A1-%D8%A7%D9%84%D8%A7%D8%B5%D8%B7%D9%86%D8%A7%D8%B9%D9%8A-%D8%A3%D9%86-%D9%8A%D9%82%D9%88%D8%AF-%D8%A7%D9%84%D8%A7%D8%A8%D8%AA%D9%83%D8%A7%D8%B1",200,"OK","NEUTRAL","لم يتعرّف محرّك بحث Google على عنوان URL.","INDEXING_STATE_UNSPECIFIED","ROBOTS_TXT_STATE_UNSPECIFIED","PAGE_FETCH_STATE_UNSPECIFIED","","","","","VERDICT_UNSPECIFIED","",""
"https://brightai.site/blog/%D8%A7%D9%84%D8%AA%D8%B9%D9%84%D9%85-%D8%A7%D9%84%D8%A2%D9%84%D9%8A-%D9%88%D8%A7%D9%84%D8%B1%D8%A4%D9%8A%D8%A9-%D8%A7%D9%84%D8%AD%D8%A7%D8%B3%D9%88%D8%A8%D9%8A%D8%A9-%D9%85%D8%B3%D8%AA%D9%82%D8%A8%D9%84-%D8%A7%D9%84%D8%B0%D9%83%D8%A7%D8%A1-%D8%A7%D9%84%D8%A7%D8%B5%D8%B7%D9%86%D8%A7%D8%B9%D9%8A-%D9%81%D9%8A-%D9%85%D8%B9%D8%A7%D9%84%D8%AC%D8%A9-%D8%A7%D9%84%D9%84%D8%BA%D8%A9-%D8%A7%D9%84%D8%B7%D8%A8%D9%8A%D8%B9%D9%8A%D8%A9-%D9%88%D8%A7%D9%84%D8%AA%D8%B9%D8%B1%D9%81-%D8%B9%D9%84%D9%89-%D8%A7%D9%84%D8%B5%D9%88%D8%B1",200,"OK","NEUTRAL","لم يتعرّف محرّك بحث Google على عنوان URL.","INDEXING_STATE_UNSPECIFIED","ROBOTS_TXT_STATE_UNSPECIFIED","PAGE_FETCH_STATE_UNSPECIFIED","","","","","VERDICT_UNSPECIFIED","",""
"https://brightai.site/blog/%D8%A7%D9%84%D8%B0%D9%83%D8%A7%D8%A1-%D8%A7%D9%84%D8%A7%D8%B5%D8%B7%D9%86%D8%A7%D8%B9%D9%8A-%D9%88-%D8%A7%D9%84%D8%AA%D8%B3%D9%88%D9%8A%D9%82",200,"OK","NEUTRAL","لم يتعرّف محرّك بحث Google على عنوان URL.","INDEXING_STATE_UNSPECIFIED","ROBOTS_TXT_STATE_UNSPECIFIED","PAGE_FETCH_STATE_UNSPECIFIED","","","","","VERDICT_UNSPECIFIED","",""
"https://brightai.site/blog/%D8%AA%D8%AD%D9%84%D9%8A%D9%84-%D8%A7%D9%84%D8%A8%D9%8A%D8%A7%D9%86%D8%A7%D8%AA",200,"OK","NEUTRAL","لم يتعرّف محرّك بحث Google على عنوان URL.","INDEXING_STATE_UNSPECIFIED","ROBOTS_TXT_STATE_UNSPECIFIED","PAGE_FETCH_STATE_UNSPECIFIED","","","","","VERDICT_UNSPECIFIED","",""
"https://brightai.site/blog/%D8%AA%D8%B9%D9%84%D9%85-%D8%A7%D9%84%D8%A2%D9%84%D8%A9-%D9%88-%D8%A7%D9%84%D8%A3%D8%B9%D9%85%D8%A7%D9%84",200,"OK","NEUTRAL","لم يتعرّف محرّك بحث Google على عنوان URL.","INDEXING_STATE_UNSPECIFIED","ROBOTS_TXT_STATE_UNSPECIFIED","PAGE_FETCH_STATE_UNSPECIFIED","","","","","VERDICT_UNSPECIFIED","",""
"https://brightai.site/blog/%D9%85%D9%82%D8%A7%D9%84-%D8%AA%D8%AD%D9%84%D9%8A%D9%84",200,"OK","NEUTRAL","لم يتعرّف محرّك بحث Google على عنوان URL.","INDEXING_STATE_UNSPECIFIED","ROBOTS_TXT_STATE_UNSPECIFIED","PAGE_FETCH_STATE_UNSPECIFIED","","","","","VERDICT_UNSPECIFIED","",""
"https://brightai.site/blog/Generative-artificial-intelligence",200,"OK","NEUTRAL","لم يتعرّف محرّك بحث Google على عنوان URL.","INDEXING_STATE_UNSPECIFIED","ROBOTS_TXT_STATE_UNSPECIFIED","PAGE_FETCH_STATE_UNSPECIFIED","","","","","VERDICT_UNSPECIFIED","",""
"https://brightai.site/blog/ai-agent",200,"OK","NEUTRAL","لم يتعرّف محرّك بحث Google على عنوان URL.","INDEXING_STATE_UNSPECIFIED","ROBOTS_TXT_STATE_UNSPECIFIED","PAGE_FETCH_STATE_UNSPECIFIED","","","","","VERDICT_UNSPECIFIED","",""
"https://brightai.site/blog/ai-energy-saudi",200,"OK","NEUTRAL","لم يتعرّف محرّك بحث Google على عنوان URL.","INDEXING_STATE_UNSPECIFIED","ROBOTS_TXT_STATE_UNSPECIFIED","PAGE_FETCH_STATE_UNSPECIFIED","","","","","VERDICT_UNSPECIFIED","",""
"https://brightai.site/blog/ai-finance-saudi",200,"OK","NEUTRAL","لم يتعرّف محرّك بحث Google على عنوان URL.","INDEXING_STATE_UNSPECIFIED","ROBOTS_TXT_STATE_UNSPECIFIED","PAGE_FETCH_STATE_UNSPECIFIED","","","","","VERDICT_UNSPECIFIED","",""
"https://brightai.site/blog/ai-generative-content-industry-saudi-arabia",200,"OK","NEUTRAL","لم يتعرّف محرّك بحث Google على عنوان URL.","INDEXING_STATE_UNSPECIFIED","ROBOTS_TXT_STATE_UNSPECIFIED","PAGE_FETCH_STATE_UNSPECIFIED","","","","","VERDICT_UNSPECIFIED","",""
"https://brightai.site/blog/ai-guide-saudi-business",200,"OK","NEUTRAL","لم يتعرّف محرّك بحث Google على عنوان URL.","INDEXING_STATE_UNSPECIFIED","ROBOTS_TXT_STATE_UNSPECIFIED","PAGE_FETCH_STATE_UNSPECIFIED","","","","","VERDICT_UNSPECIFIED","",""
"https://brightai.site/blog/ai-healthcare-saudi",200,"OK","NEUTRAL","لم يتعرّف محرّك بحث Google على عنوان URL.","INDEXING_STATE_UNSPECIFIED","ROBOTS_TXT_STATE_UNSPECIFIED","PAGE_FETCH_STATE_UNSPECIFIED","","","","","VERDICT_UNSPECIFIED","",""
"https://brightai.site/blog/ai-implementation-cost-guide",200,"OK","NEUTRAL","لم يتعرّف محرّك بحث Google على عنوان URL.","INDEXING_STATE_UNSPECIFIED","ROBOTS_TXT_STATE_UNSPECIFIED","PAGE_FETCH_STATE_UNSPECIFIED","","","","","VERDICT_UNSPECIFIED","",""
"https://brightai.site/blog/ai-transformation",200,"OK","NEUTRAL","لم يتعرّف محرّك بحث Google على عنوان URL.","INDEXING_STATE_UNSPECIFIED","ROBOTS_TXT_STATE_UNSPECIFIED","PAGE_FETCH_STATE_UNSPECIFIED","","","","","VERDICT_UNSPECIFIED","",""
"https://brightai.site/blog/automation/hr-automation-saudi",200,"OK","NEUTRAL","لم يتعرّف محرّك بحث Google على عنوان URL.","INDEXING_STATE_UNSPECIFIED","ROBOTS_TXT_STATE_UNSPECIFIED","PAGE_FETCH_STATE_UNSPECIFIED","","","","","VERDICT_UNSPECIFIED","",""
"https://brightai.site/blog/big-data-analysis",200,"OK","NEUTRAL","لم يتعرّف محرّك بحث Google على عنوان URL.","INDEXING_STATE_UNSPECIFIED","ROBOTS_TXT_STATE_UNSPECIFIED","PAGE_FETCH_STATE_UNSPECIFIED","","","","","VERDICT_UNSPECIFIED","",""
"https://brightai.site/blog/business-intelligence-saudi",200,"OK","NEUTRAL","لم يتعرّف محرّك بحث Google على عنوان URL.","INDEXING_STATE_UNSPECIFIED","ROBOTS_TXT_STATE_UNSPECIFIED","PAGE_FETCH_STATE_UNSPECIFIED","","","","","VERDICT_UNSPECIFIED","",""
"https://brightai.site/blog/case-study-saudi-companies-ai-agents-customer-service",200,"OK","NEUTRAL","لم يتعرّف محرّك بحث Google على عنوان URL.","INDEXING_STATE_UNSPECIFIED","ROBOTS_TXT_STATE_UNSPECIFIED","PAGE_FETCH_STATE_UNSPECIFIED","","","","","VERDICT_UNSPECIFIED","",""
"https://brightai.site/blog/chatgpt-vs-claude-vs-gemini-arabic",200,"OK","NEUTRAL","لم يتعرّف محرّك بحث Google على عنوان URL.","INDEXING_STATE_UNSPECIFIED","ROBOTS_TXT_STATE_UNSPECIFIED","PAGE_FETCH_STATE_UNSPECIFIED","","","","","VERDICT_UNSPECIFIED","",""
"https://brightai.site/blog/choose-ai-company-saudi",200,"OK","NEUTRAL","لم يتعرّف محرّك بحث Google على عنوان URL.","INDEXING_STATE_UNSPECIFIED","ROBOTS_TXT_STATE_UNSPECIFIED","PAGE_FETCH_STATE_UNSPECIFIED","","","","","VERDICT_UNSPECIFIED","",""
"https://brightai.site/blog/commerce-ministry-chatbot",200,"OK","NEUTRAL","لم يتعرّف محرّك بحث Google على عنوان URL.","INDEXING_STATE_UNSPECIFIED","ROBOTS_TXT_STATE_UNSPECIFIED","PAGE_FETCH_STATE_UNSPECIFIED","","","","","VERDICT_UNSPECIFIED","",""
"https://brightai.site/blog/data-analytics/kpi-dashboard-guide",200,"OK","NEUTRAL","لم يتعرّف محرّك بحث Google على عنوان URL.","INDEXING_STATE_UNSPECIFIED","ROBOTS_TXT_STATE_UNSPECIFIED","PAGE_FETCH_STATE_UNSPECIFIED","","","","","VERDICT_UNSPECIFIED","",""
"https://brightai.site/blog/data-analytics/power-bi-saudi-guide",200,"OK","NEUTRAL","لم يتعرّف محرّك بحث Google على عنوان URL.","INDEXING_STATE_UNSPECIFIED","ROBOTS_TXT_STATE_UNSPECIFIED","PAGE_FETCH_STATE_UNSPECIFIED","","","","","VERDICT_UNSPECIFIED","",""
"https://brightai.site/blog/digital-banking-saudi",200,"OK","NEUTRAL","لم يتعرّف محرّك بحث Google على عنوان URL.","INDEXING_STATE_UNSPECIFIED","ROBOTS_TXT_STATE_UNSPECIFIED","PAGE_FETCH_STATE_UNSPECIFIED","","","","","VERDICT_UNSPECIFIED","",""
"https://brightai.site/blog/digital-health-smart-archive",200,"OK","NEUTRAL","لم يتعرّف محرّك بحث Google على عنوان URL.","INDEXING_STATE_UNSPECIFIED","ROBOTS_TXT_STATE_UNSPECIFIED","PAGE_FETCH_STATE_UNSPECIFIED","","","","","VERDICT_UNSPECIFIED","",""
"https://brightai.site/blog/future-of-intelligent-data-analysis-finance-sector",200,"OK","NEUTRAL","لم يتعرّف محرّك بحث Google على عنوان URL.","INDEXING_STATE_UNSPECIFIED","ROBOTS_TXT_STATE_UNSPECIFIED","PAGE_FETCH_STATE_UNSPECIFIED","","","","","VERDICT_UNSPECIFIED","",""
"https://brightai.site/blog/generative-artificial-intelligence-2",200,"OK","NEUTRAL","لم يتعرّف محرّك بحث Google على عنوان URL.","INDEXING_STATE_UNSPECIFIED","ROBOTS_TXT_STATE_UNSPECIFIED","PAGE_FETCH_STATE_UNSPECIFIED","","","","","VERDICT_UNSPECIFIED","",""
"https://brightai.site/blog/hr-automation-case-study",200,"OK","NEUTRAL","لم يتعرّف محرّك بحث Google على عنوان URL.","INDEXING_STATE_UNSPECIFIED","ROBOTS_TXT_STATE_UNSPECIFIED","PAGE_FETCH_STATE_UNSPECIFIED","","","","","VERDICT_UNSPECIFIED","",""
"https://brightai.site/blog/intelligent-data-analysis",200,"OK","NEUTRAL","لم يتعرّف محرّك بحث Google على عنوان URL.","INDEXING_STATE_UNSPECIFIED","ROBOTS_TXT_STATE_UNSPECIFIED","PAGE_FETCH_STATE_UNSPECIFIED","","","","","VERDICT_UNSPECIFIED","",""
"https://brightai.site/blog/kfshrc-breast-cancer-ai",200,"OK","NEUTRAL","لم يتعرّف محرّك بحث Google على عنوان URL.","INDEXING_STATE_UNSPECIFIED","ROBOTS_TXT_STATE_UNSPECIFIED","PAGE_FETCH_STATE_UNSPECIFIED","","","","","VERDICT_UNSPECIFIED","",""
"https://brightai.site/blog/ksu-adaptive-learning",200,"OK","NEUTRAL","لم يتعرّف محرّك بحث Google على عنوان URL.","INDEXING_STATE_UNSPECIFIED","ROBOTS_TXT_STATE_UNSPECIFIED","PAGE_FETCH_STATE_UNSPECIFIED","","","","","VERDICT_UNSPECIFIED","",""
"https://brightai.site/blog/nca-ai-compliance-saudi",200,"OK","NEUTRAL","لم يتعرّف محرّك بحث Google على عنوان URL.","INDEXING_STATE_UNSPECIFIED","ROBOTS_TXT_STATE_UNSPECIFIED","PAGE_FETCH_STATE_UNSPECIFIED","","","","","VERDICT_UNSPECIFIED","",""
"https://brightai.site/blog/nca-compliance",200,"OK","NEUTRAL","لم يتعرّف محرّك بحث Google على عنوان URL.","INDEXING_STATE_UNSPECIFIED","ROBOTS_TXT_STATE_UNSPECIFIED","PAGE_FETCH_STATE_UNSPECIFIED","","","","","VERDICT_UNSPECIFIED","",""
"https://brightai.site/blog/private-hospital-scheduling-optimization",200,"OK","NEUTRAL","لم يتعرّف محرّك بحث Google على عنوان URL.","INDEXING_STATE_UNSPECIFIED","ROBOTS_TXT_STATE_UNSPECIFIED","PAGE_FETCH_STATE_UNSPECIFIED","","","","","VERDICT_UNSPECIFIED","",""
"https://brightai.site/blog/process-automation",200,"OK","NEUTRAL","لم يتعرّف محرّك بحث Google على عنوان URL.","INDEXING_STATE_UNSPECIFIED","ROBOTS_TXT_STATE_UNSPECIFIED","PAGE_FETCH_STATE_UNSPECIFIED","","","","","VERDICT_UNSPECIFIED","",""
"https://brightai.site/blog/production-line",200,"OK","NEUTRAL","لم يتعرّف محرّك بحث Google على عنوان URL.","INDEXING_STATE_UNSPECIFIED","ROBOTS_TXT_STATE_UNSPECIFIED","PAGE_FETCH_STATE_UNSPECIFIED","","","","","VERDICT_UNSPECIFIED","",""
"https://brightai.site/blog/riyadh-municipality-ai-license",200,"OK","NEUTRAL","لم يتعرّف محرّك بحث Google على عنوان URL.","INDEXING_STATE_UNSPECIFIED","ROBOTS_TXT_STATE_UNSPECIFIED","PAGE_FETCH_STATE_UNSPECIFIED","","","","","VERDICT_UNSPECIFIED","",""
"https://brightai.site/blog/saudi-agritech-smart-farming",200,"OK","NEUTRAL","لم يتعرّف محرّك بحث Google على عنوان URL.","INDEXING_STATE_UNSPECIFIED","ROBOTS_TXT_STATE_UNSPECIFIED","PAGE_FETCH_STATE_UNSPECIFIED","","","","","VERDICT_UNSPECIFIED","",""
"https://brightai.site/blog/saudi-bank-fraud-detection",200,"OK","NEUTRAL","لم يتعرّف محرّك بحث Google على عنوان URL.","INDEXING_STATE_UNSPECIFIED","ROBOTS_TXT_STATE_UNSPECIFIED","PAGE_FETCH_STATE_UNSPECIFIED","","","","","VERDICT_UNSPECIFIED","",""
"https://brightai.site/blog/saudi-dates-quality-ai",200,"OK","NEUTRAL","لم يتعرّف محرّك بحث Google على عنوان URL.","INDEXING_STATE_UNSPECIFIED","ROBOTS_TXT_STATE_UNSPECIFIED","PAGE_FETCH_STATE_UNSPECIFIED","","","","","VERDICT_UNSPECIFIED","",""
"https://brightai.site/blog/saudi-ecommerce-ai-growth",200,"OK","NEUTRAL","لم يتعرّف محرّك بحث Google على عنوان URL.","INDEXING_STATE_UNSPECIFIED","ROBOTS_TXT_STATE_UNSPECIFIED","PAGE_FETCH_STATE_UNSPECIFIED","","","","","VERDICT_UNSPECIFIED","",""
"https://brightai.site/blog/saudi-edtech-personalized-learning",200,"OK","NEUTRAL","لم يتعرّف محرّك بحث Google على عنوان URL.","INDEXING_STATE_UNSPECIFIED","ROBOTS_TXT_STATE_UNSPECIFIED","PAGE_FETCH_STATE_UNSPECIFIED","","","","","VERDICT_UNSPECIFIED","",""
"https://brightai.site/blog/saudi-energy-predictive-maintenance",200,"OK","NEUTRAL","لم يتعرّف محرّك بحث Google على عنوان URL.","INDEXING_STATE_UNSPECIFIED","ROBOTS_TXT_STATE_UNSPECIFIED","PAGE_FETCH_STATE_UNSPECIFIED","","","","","VERDICT_UNSPECIFIED","",""
"https://brightai.site/blog/saudi-factory-ai-productivity",200,"OK","NEUTRAL","لم يتعرّف محرّك بحث Google على عنوان URL.","INDEXING_STATE_UNSPECIFIED","ROBOTS_TXT_STATE_UNSPECIFIED","PAGE_FETCH_STATE_UNSPECIFIED","","","","","VERDICT_UNSPECIFIED","",""
"https://brightai.site/blog/saudi-hospitality-dynamic-pricing",200,"OK","NEUTRAL","لم يتعرّف محرّك بحث Google على عنوان URL.","INDEXING_STATE_UNSPECIFIED","ROBOTS_TXT_STATE_UNSPECIFIED","PAGE_FETCH_STATE_UNSPECIFIED","","","","","VERDICT_UNSPECIFIED","",""
"https://brightai.site/blog/saudi-insurance-claims-ai",200,"OK","NEUTRAL","لم يتعرّف محرّك بحث Google على عنوان URL.","INDEXING_STATE_UNSPECIFIED","ROBOTS_TXT_STATE_UNSPECIFIED","PAGE_FETCH_STATE_UNSPECIFIED","","","","","VERDICT_UNSPECIFIED","",""
"https://brightai.site/blog/saudi-logistics-route-optimization",200,"OK","NEUTRAL","لم يتعرّف محرّك بحث Google على عنوان URL.","INDEXING_STATE_UNSPECIFIED","ROBOTS_TXT_STATE_UNSPECIFIED","PAGE_FETCH_STATE_UNSPECIFIED","","","","","VERDICT_UNSPECIFIED","",""
"https://brightai.site/blog/saudi-manufacturing-predictive-maintenance",200,"OK","NEUTRAL","لم يتعرّف محرّك بحث Google على عنوان URL.","INDEXING_STATE_UNSPECIFIED","ROBOTS_TXT_STATE_UNSPECIFIED","PAGE_FETCH_STATE_UNSPECIFIED","","","","","VERDICT_UNSPECIFIED","",""
"https://brightai.site/blog/saudi-mining-ai-exploration",200,"OK","NEUTRAL","لم يتعرّف محرّك بحث Google على عنوان URL.","INDEXING_STATE_UNSPECIFIED","ROBOTS_TXT_STATE_UNSPECIFIED","PAGE_FETCH_STATE_UNSPECIFIED","","","","","VERDICT_UNSPECIFIED","",""
"https://brightai.site/blog/saudi-petrochemical-ai-safety",200,"OK","NEUTRAL","لم يتعرّف محرّك بحث Google على عنوان URL.","INDEXING_STATE_UNSPECIFIED","ROBOTS_TXT_STATE_UNSPECIFIED","PAGE_FETCH_STATE_UNSPECIFIED","","","","","VERDICT_UNSPECIFIED","",""
"https://brightai.site/blog/saudi-real-estate-ai-valuation",200,"OK","NEUTRAL","لم يتعرّف محرّك بحث Google على عنوان URL.","INDEXING_STATE_UNSPECIFIED","ROBOTS_TXT_STATE_UNSPECIFIED","PAGE_FETCH_STATE_UNSPECIFIED","","","","","VERDICT_UNSPECIFIED","",""
"https://brightai.site/blog/saudi-renewable-energy-ai",200,"OK","NEUTRAL","لم يتعرّف محرّك بحث Google على عنوان URL.","INDEXING_STATE_UNSPECIFIED","ROBOTS_TXT_STATE_UNSPECIFIED","PAGE_FETCH_STATE_UNSPECIFIED","","","","","VERDICT_UNSPECIFIED","",""
"https://brightai.site/blog/saudi-smart-city-traffic",200,"OK","NEUTRAL","لم يتعرّف محرّك بحث Google على عنوان URL.","INDEXING_STATE_UNSPECIFIED","ROBOTS_TXT_STATE_UNSPECIFIED","PAGE_FETCH_STATE_UNSPECIFIED","","","","","VERDICT_UNSPECIFIED","",""
"https://brightai.site/blog/saudi-sports-analytics-ai",200,"OK","NEUTRAL","لم يتعرّف محرّك بحث Google على عنوان URL.","INDEXING_STATE_UNSPECIFIED","ROBOTS_TXT_STATE_UNSPECIFIED","PAGE_FETCH_STATE_UNSPECIFIED","","","","","VERDICT_UNSPECIFIED","",""
"https://brightai.site/blog/saudi-tourism-ai-guide",200,"OK","NEUTRAL","لم يتعرّف محرّك بحث Google على عنوان URL.","INDEXING_STATE_UNSPECIFIED","ROBOTS_TXT_STATE_UNSPECIFIED","PAGE_FETCH_STATE_UNSPECIFIED","","","","","VERDICT_UNSPECIFIED","",""
"https://brightai.site/blog/saudi-waste-management-ai",200,"OK","NEUTRAL","لم يتعرّف محرّك بحث Google على عنوان URL.","INDEXING_STATE_UNSPECIFIED","ROBOTS_TXT_STATE_UNSPECIFIED","PAGE_FETCH_STATE_UNSPECIFIED","","","","","VERDICT_UNSPECIFIED","",""
"https://brightai.site/blog/smart-automation-benefits",200,"OK","NEUTRAL","لم يتعرّف محرّك بحث Google على عنوان URL.","INDEXING_STATE_UNSPECIFIED","ROBOTS_TXT_STATE_UNSPECIFIED","PAGE_FETCH_STATE_UNSPECIFIED","","","","","VERDICT_UNSPECIFIED","",""
"https://brightai.site/blog/smart-crm-system",200,"OK","NEUTRAL","لم يتعرّف محرّك بحث Google على عنوان URL.","INDEXING_STATE_UNSPECIFIED","ROBOTS_TXT_STATE_UNSPECIFIED","PAGE_FETCH_STATE_UNSPECIFIED","","","","","VERDICT_UNSPECIFIED","",""
"https://brightai.site/blog/smart-document-processing",200,"OK","NEUTRAL","لم يتعرّف محرّك بحث Google على عنوان URL.","INDEXING_STATE_UNSPECIFIED","ROBOTS_TXT_STATE_UNSPECIFIED","PAGE_FETCH_STATE_UNSPECIFIED","","","","","VERDICT_UNSPECIFIED","",""
"https://brightai.site/blog/smart-inventory-management",200,"OK","NEUTRAL","لم يتعرّف محرّك بحث Google على عنوان URL.","INDEXING_STATE_UNSPECIFIED","ROBOTS_TXT_STATE_UNSPECIFIED","PAGE_FETCH_STATE_UNSPECIFIED","","","","","VERDICT_UNSPECIFIED","",""
"https://brightai.site/blog/top-ai-tools-saudi-2025",200,"OK","NEUTRAL","لم يتعرّف محرّك بحث Google على عنوان URL.","INDEXING_STATE_UNSPECIFIED","ROBOTS_TXT_STATE_UNSPECIFIED","PAGE_FETCH_STATE_UNSPECIFIED","","","","","VERDICT_UNSPECIFIED","",""
"https://brightai.site/blog/transport-logistics-solutions",200,"OK","NEUTRAL","لم يتعرّف محرّك بحث Google على عنوان URL.","INDEXING_STATE_UNSPECIFIED","ROBOTS_TXT_STATE_UNSPECIFIED","PAGE_FETCH_STATE_UNSPECIFIED","","","","","VERDICT_UNSPECIFIED","",""
"https://brightai.site/blog/vision-2030-ai-opportunities",200,"OK","NEUTRAL","لم يتعرّف محرّك بحث Google على عنوان URL.","INDEXING_STATE_UNSPECIFIED","ROBOTS_TXT_STATE_UNSPECIFIED","PAGE_FETCH_STATE_UNSPECIFIED","","","","","VERDICT_UNSPECIFIED","",""
"https://brightai.site/case-studies",200,"OK","NEUTRAL","لم يتعرّف محرّك بحث Google على عنوان URL.","INDEXING_STATE_UNSPECIFIED","ROBOTS_TXT_STATE_UNSPECIFIED","PAGE_FETCH_STATE_UNSPECIFIED","","","","","VERDICT_UNSPECIFIED","",""
"https://brightai.site/consultation",200,"OK","NEUTRAL","لم يتعرّف محرّك بحث Google على عنوان URL.","INDEXING_STATE_UNSPECIFIED","ROBOTS_TXT_STATE_UNSPECIFIED","PAGE_FETCH_STATE_UNSPECIFIED","","","","","VERDICT_UNSPECIFIED","",""
"https://brightai.site/contact",200,"OK","NEUTRAL","لم يتعرّف محرّك بحث Google على عنوان URL.","INDEXING_STATE_UNSPECIFIED","ROBOTS_TXT_STATE_UNSPECIFIED","PAGE_FETCH_STATE_UNSPECIFIED","","","","","VERDICT_UNSPECIFIED","",""
"https://brightai.site/data-analysis",200,"OK","NEUTRAL","لم يتعرّف محرّك بحث Google على عنوان URL.","INDEXING_STATE_UNSPECIFIED","ROBOTS_TXT_STATE_UNSPECIFIED","PAGE_FETCH_STATE_UNSPECIFIED","","","","","VERDICT_UNSPECIFIED","",""
"https://brightai.site/demo/ocr-demo",200,"OK","NEUTRAL","لم يتعرّف محرّك بحث Google على عنوان URL.","INDEXING_STATE_UNSPECIFIED","ROBOTS_TXT_STATE_UNSPECIFIED","PAGE_FETCH_STATE_UNSPECIFIED","","","","","VERDICT_UNSPECIFIED","",""
"https://brightai.site/demo/pricing",200,"OK","NEUTRAL","لم يتعرّف محرّك بحث Google على عنوان URL.","INDEXING_STATE_UNSPECIFIED","ROBOTS_TXT_STATE_UNSPECIFIED","PAGE_FETCH_STATE_UNSPECIFIED","","","","","VERDICT_UNSPECIFIED","",""
"https://brightai.site/demo/resources/report-ai-saudi-2026",200,"OK","NEUTRAL","لم يتعرّف محرّك بحث Google على عنوان URL.","INDEXING_STATE_UNSPECIFIED","ROBOTS_TXT_STATE_UNSPECIFIED","PAGE_FETCH_STATE_UNSPECIFIED","","","","","VERDICT_UNSPECIFIED","",""
"https://brightai.site/docs",200,"OK","NEUTRAL","لم يتعرّف محرّك بحث Google على عنوان URL.","INDEXING_STATE_UNSPECIFIED","ROBOTS_TXT_STATE_UNSPECIFIED","PAGE_FETCH_STATE_UNSPECIFIED","","","","","VERDICT_UNSPECIFIED","",""
"https://brightai.site/docs/ai-agent",200,"OK","NEUTRAL","لم يتعرّف محرّك بحث Google على عنوان URL.","INDEXING_STATE_UNSPECIFIED","ROBOTS_TXT_STATE_UNSPECIFIED","PAGE_FETCH_STATE_UNSPECIFIED","","","","","VERDICT_UNSPECIFIED","",""
"https://brightai.site/docs/ai-agent-en",200,"OK","NEUTRAL","لم يتعرّف محرّك بحث Google على عنوان URL.","INDEXING_STATE_UNSPECIFIED","ROBOTS_TXT_STATE_UNSPECIFIED","PAGE_FETCH_STATE_UNSPECIFIED","","","","","VERDICT_UNSPECIFIED","",""
"https://brightai.site/docs/ai-bots",200,"OK","NEUTRAL","لم يتعرّف محرّك بحث Google على عنوان URL.","INDEXING_STATE_UNSPECIFIED","ROBOTS_TXT_STATE_UNSPECIFIED","PAGE_FETCH_STATE_UNSPECIFIED","","","","","VERDICT_UNSPECIFIED","",""
"https://brightai.site/docs/ai-bots-en",200,"OK","NEUTRAL","لم يتعرّف محرّك بحث Google على عنوان URL.","INDEXING_STATE_UNSPECIFIED","ROBOTS_TXT_STATE_UNSPECIFIED","PAGE_FETCH_STATE_UNSPECIFIED","","","","","VERDICT_UNSPECIFIED","",""
"https://brightai.site/docs/consultation",200,"OK","NEUTRAL","لم يتعرّف محرّك بحث Google على عنوان URL.","INDEXING_STATE_UNSPECIFIED","ROBOTS_TXT_STATE_UNSPECIFIED","PAGE_FETCH_STATE_UNSPECIFIED","","","","","VERDICT_UNSPECIFIED","",""
"https://brightai.site/docs/consultation-en",200,"OK","NEUTRAL","لم يتعرّف محرّك بحث Google على عنوان URL.","INDEXING_STATE_UNSPECIFIED","ROBOTS_TXT_STATE_UNSPECIFIED","PAGE_FETCH_STATE_UNSPECIFIED","","","","","VERDICT_UNSPECIFIED","",""
"https://brightai.site/docs/contact",200,"OK","NEUTRAL","لم يتعرّف محرّك بحث Google على عنوان URL.","INDEXING_STATE_UNSPECIFIED","ROBOTS_TXT_STATE_UNSPECIFIED","PAGE_FETCH_STATE_UNSPECIFIED","","","","","VERDICT_UNSPECIFIED","",""
"https://brightai.site/docs/contact-en",200,"OK","NEUTRAL","لم يتعرّف محرّك بحث Google على عنوان URL.","INDEXING_STATE_UNSPECIFIED","ROBOTS_TXT_STATE_UNSPECIFIED","PAGE_FETCH_STATE_UNSPECIFIED","","","","","VERDICT_UNSPECIFIED","",""
"https://brightai.site/docs/data-analysis",200,"OK","NEUTRAL","لم يتعرّف محرّك بحث Google على عنوان URL.","INDEXING_STATE_UNSPECIFIED","ROBOTS_TXT_STATE_UNSPECIFIED","PAGE_FETCH_STATE_UNSPECIFIED","","","","","VERDICT_UNSPECIFIED","",""
"https://brightai.site/docs/data-analysis-en",200,"OK","NEUTRAL","لم يتعرّف محرّك بحث Google على عنوان URL.","INDEXING_STATE_UNSPECIFIED","ROBOTS_TXT_STATE_UNSPECIFIED","PAGE_FETCH_STATE_UNSPECIFIED","","","","","VERDICT_UNSPECIFIED","",""
"https://brightai.site/docs/faq",200,"OK","NEUTRAL","لم يتعرّف محرّك بحث Google على عنوان URL.","INDEXING_STATE_UNSPECIFIED","ROBOTS_TXT_STATE_UNSPECIFIED","PAGE_FETCH_STATE_UNSPECIFIED","","","","","VERDICT_UNSPECIFIED","",""
"https://brightai.site/docs/faq-en",200,"OK","NEUTRAL","لم يتعرّف محرّك بحث Google على عنوان URL.","INDEXING_STATE_UNSPECIFIED","ROBOTS_TXT_STATE_UNSPECIFIED","PAGE_FETCH_STATE_UNSPECIFIED","","","","","VERDICT_UNSPECIFIED","",""
"https://brightai.site/docs/openapi",200,"OK","NEUTRAL","لم يتعرّف محرّك بحث Google على عنوان URL.","INDEXING_STATE_UNSPECIFIED","ROBOTS_TXT_STATE_UNSPECIFIED","PAGE_FETCH_STATE_UNSPECIFIED","","","","","VERDICT_UNSPECIFIED","",""
"https://brightai.site/docs/privacy-policy",200,"OK","NEUTRAL","لم يتعرّف محرّك بحث Google على عنوان URL.","INDEXING_STATE_UNSPECIFIED","ROBOTS_TXT_STATE_UNSPECIFIED","PAGE_FETCH_STATE_UNSPECIFIED","","","","","VERDICT_UNSPECIFIED","",""
"https://brightai.site/docs/privacy-policy-en",200,"OK","NEUTRAL","لم يتعرّف محرّك بحث Google على عنوان URL.","INDEXING_STATE_UNSPECIFIED","ROBOTS_TXT_STATE_UNSPECIFIED","PAGE_FETCH_STATE_UNSPECIFIED","","","","","VERDICT_UNSPECIFIED","",""
"https://brightai.site/docs/services-overview",200,"OK","NEUTRAL","لم يتعرّف محرّك بحث Google على عنوان URL.","INDEXING_STATE_UNSPECIFIED","ROBOTS_TXT_STATE_UNSPECIFIED","PAGE_FETCH_STATE_UNSPECIFIED","","","","","VERDICT_UNSPECIFIED","",""
"https://brightai.site/docs/services-overview-en",200,"OK","NEUTRAL","لم يتعرّف محرّك بحث Google على عنوان URL.","INDEXING_STATE_UNSPECIFIED","ROBOTS_TXT_STATE_UNSPECIFIED","PAGE_FETCH_STATE_UNSPECIFIED","","","","","VERDICT_UNSPECIFIED","",""
"https://brightai.site/docs/smart-automation",200,"OK","NEUTRAL","لم يتعرّف محرّك بحث Google على عنوان URL.","INDEXING_STATE_UNSPECIFIED","ROBOTS_TXT_STATE_UNSPECIFIED","PAGE_FETCH_STATE_UNSPECIFIED","","","","","VERDICT_UNSPECIFIED","",""
"https://brightai.site/docs/smart-automation-en",200,"OK","NEUTRAL","لم يتعرّف محرّك بحث Google على عنوان URL.","INDEXING_STATE_UNSPECIFIED","ROBOTS_TXT_STATE_UNSPECIFIED","PAGE_FETCH_STATE_UNSPECIFIED","","","","","VERDICT_UNSPECIFIED","",""
"https://brightai.site/docs/solutions-bi",200,"OK","NEUTRAL","لم يتعرّف محرّك بحث Google على عنوان URL.","INDEXING_STATE_UNSPECIFIED","ROBOTS_TXT_STATE_UNSPECIFIED","PAGE_FETCH_STATE_UNSPECIFIED","","","","","VERDICT_UNSPECIFIED","",""
"https://brightai.site/docs/solutions-bi-en",200,"OK","NEUTRAL","لم يتعرّف محرّك بحث Google على عنوان URL.","INDEXING_STATE_UNSPECIFIED","ROBOTS_TXT_STATE_UNSPECIFIED","PAGE_FETCH_STATE_UNSPECIFIED","","","","","VERDICT_UNSPECIFIED","",""
"https://brightai.site/docs/solutions-crm",200,"OK","NEUTRAL","لم يتعرّف محرّك بحث Google على عنوان URL.","INDEXING_STATE_UNSPECIFIED","ROBOTS_TXT_STATE_UNSPECIFIED","PAGE_FETCH_STATE_UNSPECIFIED","","","","","VERDICT_UNSPECIFIED","",""
"https://brightai.site/docs/solutions-crm-en",200,"OK","NEUTRAL","لم يتعرّف محرّك بحث Google على عنوان URL.","INDEXING_STATE_UNSPECIFIED","ROBOTS_TXT_STATE_UNSPECIFIED","PAGE_FETCH_STATE_UNSPECIFIED","","","","","VERDICT_UNSPECIFIED","",""
"https://brightai.site/docs/solutions-finance",200,"OK","NEUTRAL","لم يتعرّف محرّك بحث Google على عنوان URL.","INDEXING_STATE_UNSPECIFIED","ROBOTS_TXT_STATE_UNSPECIFIED","PAGE_FETCH_STATE_UNSPECIFIED","","","","","VERDICT_UNSPECIFIED","",""
"https://brightai.site/docs/solutions-finance-en",200,"OK","NEUTRAL","لم يتعرّف محرّك بحث Google على عنوان URL.","INDEXING_STATE_UNSPECIFIED","ROBOTS_TXT_STATE_UNSPECIFIED","PAGE_FETCH_STATE_UNSPECIFIED","","","","","VERDICT_UNSPECIFIED","",""
"https://brightai.site/docs/solutions-healthcare",200,"OK","NEUTRAL","لم يتعرّف محرّك بحث Google على عنوان URL.","INDEXING_STATE_UNSPECIFIED","ROBOTS_TXT_STATE_UNSPECIFIED","PAGE_FETCH_STATE_UNSPECIFIED","","","","","VERDICT_UNSPECIFIED","",""
"https://brightai.site/docs/solutions-healthcare-en",200,"OK","NEUTRAL","لم يتعرّف محرّك بحث Google على عنوان URL.","INDEXING_STATE_UNSPECIFIED","ROBOTS_TXT_STATE_UNSPECIFIED","PAGE_FETCH_STATE_UNSPECIFIED","","","","","VERDICT_UNSPECIFIED","",""
"https://brightai.site/docs/solutions-hr",200,"OK","NEUTRAL","لم يتعرّف محرّك بحث Google على عنوان URL.","INDEXING_STATE_UNSPECIFIED","ROBOTS_TXT_STATE_UNSPECIFIED","PAGE_FETCH_STATE_UNSPECIFIED","","","","","VERDICT_UNSPECIFIED","",""
"https://brightai.site/docs/solutions-hr-en",200,"OK","NEUTRAL","لم يتعرّف محرّك بحث Google على عنوان URL.","INDEXING_STATE_UNSPECIFIED","ROBOTS_TXT_STATE_UNSPECIFIED","PAGE_FETCH_STATE_UNSPECIFIED","","","","","VERDICT_UNSPECIFIED","",""
"https://brightai.site/docs/solutions-interview",200,"OK","NEUTRAL","لم يتعرّف محرّك بحث Google على عنوان URL.","INDEXING_STATE_UNSPECIFIED","ROBOTS_TXT_STATE_UNSPECIFIED","PAGE_FETCH_STATE_UNSPECIFIED","","","","","VERDICT_UNSPECIFIED","",""
"https://brightai.site/docs/solutions-interview-en",200,"OK","NEUTRAL","لم يتعرّف محرّك بحث Google على عنوان URL.","INDEXING_STATE_UNSPECIFIED","ROBOTS_TXT_STATE_UNSPECIFIED","PAGE_FETCH_STATE_UNSPECIFIED","","","","","VERDICT_UNSPECIFIED","",""
"https://brightai.site/docs/solutions-logistics",200,"OK","NEUTRAL","لم يتعرّف محرّك بحث Google على عنوان URL.","INDEXING_STATE_UNSPECIFIED","ROBOTS_TXT_STATE_UNSPECIFIED","PAGE_FETCH_STATE_UNSPECIFIED","","","","","VERDICT_UNSPECIFIED","",""
"https://brightai.site/docs/solutions-logistics-en",200,"OK","NEUTRAL","لم يتعرّف محرّك بحث Google على عنوان URL.","INDEXING_STATE_UNSPECIFIED","ROBOTS_TXT_STATE_UNSPECIFIED","PAGE_FETCH_STATE_UNSPECIFIED","","","","","VERDICT_UNSPECIFIED","",""
"https://brightai.site/docs/solutions-ocr",200,"OK","NEUTRAL","لم يتعرّف محرّك بحث Google على عنوان URL.","INDEXING_STATE_UNSPECIFIED","ROBOTS_TXT_STATE_UNSPECIFIED","PAGE_FETCH_STATE_UNSPECIFIED","","","","","VERDICT_UNSPECIFIED","",""
"https://brightai.site/docs/solutions-ocr-en",200,"OK","NEUTRAL","لم يتعرّف محرّك بحث Google على عنوان URL.","INDEXING_STATE_UNSPECIFIED","ROBOTS_TXT_STATE_UNSPECIFIED","PAGE_FETCH_STATE_UNSPECIFIED","","","","","VERDICT_UNSPECIFIED","",""
"https://brightai.site/docs/solutions-retail",200,"OK","NEUTRAL","لم يتعرّف محرّك بحث Google على عنوان URL.","INDEXING_STATE_UNSPECIFIED","ROBOTS_TXT_STATE_UNSPECIFIED","PAGE_FETCH_STATE_UNSPECIFIED","","","","","VERDICT_UNSPECIFIED","",""
"https://brightai.site/docs/solutions-retail-en",200,"OK","NEUTRAL","لم يتعرّف محرّك بحث Google على عنوان URL.","INDEXING_STATE_UNSPECIFIED","ROBOTS_TXT_STATE_UNSPECIFIED","PAGE_FETCH_STATE_UNSPECIFIED","","","","","VERDICT_UNSPECIFIED","",""
"https://brightai.site/docs/solutions-supply-chain",200,"OK","NEUTRAL","لم يتعرّف محرّك بحث Google على عنوان URL.","INDEXING_STATE_UNSPECIFIED","ROBOTS_TXT_STATE_UNSPECIFIED","PAGE_FETCH_STATE_UNSPECIFIED","","","","","VERDICT_UNSPECIFIED","",""
"https://brightai.site/docs/solutions-supply-chain-en",200,"OK","NEUTRAL","لم يتعرّف محرّك بحث Google على عنوان URL.","INDEXING_STATE_UNSPECIFIED","ROBOTS_TXT_STATE_UNSPECIFIED","PAGE_FETCH_STATE_UNSPECIFIED","","","","","VERDICT_UNSPECIFIED","",""
"https://brightai.site/docs/terms-and-conditions",200,"OK","NEUTRAL","لم يتعرّف محرّك بحث Google على عنوان URL.","INDEXING_STATE_UNSPECIFIED","ROBOTS_TXT_STATE_UNSPECIFIED","PAGE_FETCH_STATE_UNSPECIFIED","","","","","VERDICT_UNSPECIFIED","",""
"https://brightai.site/docs/terms-and-conditions-en",200,"OK","NEUTRAL","لم يتعرّف محرّك بحث Google على عنوان URL.","INDEXING_STATE_UNSPECIFIED","ROBOTS_TXT_STATE_UNSPECIFIED","PAGE_FETCH_STATE_UNSPECIFIED","","","","","VERDICT_UNSPECIFIED","",""
"https://brightai.site/health",200,"OK","NEUTRAL","لم يتعرّف محرّك بحث Google على عنوان URL.","INDEXING_STATE_UNSPECIFIED","ROBOTS_TXT_STATE_UNSPECIFIED","PAGE_FETCH_STATE_UNSPECIFIED","","","","","VERDICT_UNSPECIFIED","",""
"https://brightai.site/job.MAISco",200,"OK","NEUTRAL","لم يتعرّف محرّك بحث Google على عنوان URL.","INDEXING_STATE_UNSPECIFIED","ROBOTS_TXT_STATE_UNSPECIFIED","PAGE_FETCH_STATE_UNSPECIFIED","","","","","VERDICT_UNSPECIFIED","",""
"https://brightai.site/machine-learning",200,"OK","NEUTRAL","لم يتعرّف محرّك بحث Google على عنوان URL.","INDEXING_STATE_UNSPECIFIED","ROBOTS_TXT_STATE_UNSPECIFIED","PAGE_FETCH_STATE_UNSPECIFIED","","","","","VERDICT_UNSPECIFIED","",""
"https://brightai.site/partners",200,"OK","NEUTRAL","لم يتعرّف محرّك بحث Google على عنوان URL.","INDEXING_STATE_UNSPECIFIED","ROBOTS_TXT_STATE_UNSPECIFIED","PAGE_FETCH_STATE_UNSPECIFIED","","","","","VERDICT_UNSPECIFIED","",""
"https://brightai.site/privacy-cookies",200,"OK","NEUTRAL","لم يتعرّف محرّك بحث Google على عنوان URL.","INDEXING_STATE_UNSPECIFIED","ROBOTS_TXT_STATE_UNSPECIFIED","PAGE_FETCH_STATE_UNSPECIFIED","","","","","VERDICT_UNSPECIFIED","",""
"https://brightai.site/sectors/ecommerce",200,"OK","NEUTRAL","لم يتعرّف محرّك بحث Google على عنوان URL.","INDEXING_STATE_UNSPECIFIED","ROBOTS_TXT_STATE_UNSPECIFIED","PAGE_FETCH_STATE_UNSPECIFIED","","","","","VERDICT_UNSPECIFIED","",""
"https://brightai.site/sectors/energy",200,"OK","NEUTRAL","لم يتعرّف محرّك بحث Google على عنوان URL.","INDEXING_STATE_UNSPECIFIED","ROBOTS_TXT_STATE_UNSPECIFIED","PAGE_FETCH_STATE_UNSPECIFIED","","","","","VERDICT_UNSPECIFIED","",""
"https://brightai.site/sectors/finance",200,"OK","NEUTRAL","لم يتعرّف محرّك بحث Google على عنوان URL.","INDEXING_STATE_UNSPECIFIED","ROBOTS_TXT_STATE_UNSPECIFIED","PAGE_FETCH_STATE_UNSPECIFIED","","","","","VERDICT_UNSPECIFIED","",""
"https://brightai.site/sectors/healthcare",200,"OK","NEUTRAL","لم يتعرّف محرّك بحث Google على عنوان URL.","INDEXING_STATE_UNSPECIFIED","ROBOTS_TXT_STATE_UNSPECIFIED","PAGE_FETCH_STATE_UNSPECIFIED","","","","","VERDICT_UNSPECIFIED","",""
"https://brightai.site/sectors/logistics",200,"OK","NEUTRAL","لم يتعرّف محرّك بحث Google على عنوان URL.","INDEXING_STATE_UNSPECIFIED","ROBOTS_TXT_STATE_UNSPECIFIED","PAGE_FETCH_STATE_UNSPECIFIED","","","","","VERDICT_UNSPECIFIED","",""
"https://brightai.site/sectors/manufacturing",200,"OK","NEUTRAL","لم يتعرّف محرّك بحث Google على عنوان URL.","INDEXING_STATE_UNSPECIFIED","ROBOTS_TXT_STATE_UNSPECIFIED","PAGE_FETCH_STATE_UNSPECIFIED","","","","","VERDICT_UNSPECIFIED","",""
"https://brightai.site/services",200,"OK","NEUTRAL","لم يتعرّف محرّك بحث Google على عنوان URL.","INDEXING_STATE_UNSPECIFIED","ROBOTS_TXT_STATE_UNSPECIFIED","PAGE_FETCH_STATE_UNSPECIFIED","","","","","VERDICT_UNSPECIFIED","",""
"https://brightai.site/smart-automation",200,"OK","NEUTRAL","لم يتعرّف محرّك بحث Google على عنوان URL.","INDEXING_STATE_UNSPECIFIED","ROBOTS_TXT_STATE_UNSPECIFIED","PAGE_FETCH_STATE_UNSPECIFIED","","","","","VERDICT_UNSPECIFIED","",""
"https://brightai.site/smart-medical-archive",200,"OK","NEUTRAL","لم يتعرّف محرّك بحث Google على عنوان URL.","INDEXING_STATE_UNSPECIFIED","ROBOTS_TXT_STATE_UNSPECIFIED","PAGE_FETCH_STATE_UNSPECIFIED","","","","","VERDICT_UNSPECIFIED","",""
"https://brightai.site/tools",200,"OK","NEUTRAL","لم يتعرّف محرّك بحث Google على عنوان URL.","INDEXING_STATE_UNSPECIFIED","ROBOTS_TXT_STATE_UNSPECIFIED","PAGE_FETCH_STATE_UNSPECIFIED","","","","","VERDICT_UNSPECIFIED","",""
"https://brightai.site/try/data-analyzer",200,"OK","NEUTRAL","لم يتعرّف محرّك بحث Google على عنوان URL.","INDEXING_STATE_UNSPECIFIED","ROBOTS_TXT_STATE_UNSPECIFIED","PAGE_FETCH_STATE_UNSPECIFIED","","","","","VERDICT_UNSPECIFIED","",""
"https://brightai.site/try/data-quality",200,"OK","NEUTRAL","لم يتعرّف محرّك بحث Google على عنوان URL.","INDEXING_STATE_UNSPECIFIED","ROBOTS_TXT_STATE_UNSPECIFIED","PAGE_FETCH_STATE_UNSPECIFIED","","","","","VERDICT_UNSPECIFIED","",""
"https://brightai.site/try/text-analysis",200,"OK","NEUTRAL","لم يتعرّف محرّك بحث Google على عنوان URL.","INDEXING_STATE_UNSPECIFIED","ROBOTS_TXT_STATE_UNSPECIFIED","PAGE_FETCH_STATE_UNSPECIFIED","","","","","VERDICT_UNSPECIFIED","",""
"https://brightai.site/what-is-ai",200,"OK","NEUTRAL","لم يتعرّف محرّك بحث Google على عنوان URL.","INDEXING_STATE_UNSPECIFIED","ROBOTS_TXT_STATE_UNSPECIFIED","PAGE_FETCH_STATE_UNSPECIFIED","","","","","VERDICT_UNSPECIFIED","",""
