Page URL,HTTP Code,Discovered
https://brightai.site/Docfile/Docs.html,404,19 Jan 2026 (20:50 UTC)
https://brightai.site/Docfile/ai-agent.html,404,19 Jan 2026 (20:50 UTC)
https://brightai.site/Docfile/blog.html,404,19 Jan 2026 (20:50 UTC)
https://brightai.site/Docfile/consultation.html,404,19 Jan 2026 (20:50 UTC)
https://brightai.site/Docfile/data-analysis.html,404,19 Jan 2026 (20:50 UTC)
https://brightai.site/Docfile/index.html,404,19 Jan 2026 (20:50 UTC)
https://brightai.site/Docfile/our-products.html,404,19 Jan 2026 (20:50 UTC)
https://brightai.site/Docfile/smart-automation.html,404,19 Jan 2026 (20:50 UTC)
https://brightai.site/Docfile/tools.html,404,19 Jan 2026 (20:50 UTC)
https://brightai.site/Docs/,404,19 Jan 2026 (20:50 UTC)
https://brightai.site/article_2.html,404,19 Jan 2026 (20:50 UTC)
https://brightai.site/article_2034.html,404,19 Jan 2026 (20:50 UTC)
https://brightai.site/article_3.html,404,19 Jan 2026 (20:50 UTC)
https://brightai.site/automation-benefits.html,404,19 Jan 2026 (20:50 UTC)
https://brightai.site/blog/,404,19 Jan 2026 (20:50 UTC)
https://brightai.site/blog/ai-business.html,404,19 Jan 2026 (20:50 UTC)
https://brightai.site/blog/ai-education.html,404,19 Jan 2026 (20:50 UTC)
https://brightai.site/blog/ai-future-saudi.html,404,19 Jan 2026 (20:50 UTC)
https://brightai.site/blog/saudi-vision-2030-ai.html,404,19 Jan 2026 (20:50 UTC)
https://brightai.site/blogger/Company performance monitoring tool.html,404,19 Jan 2026 (20:50 UTC)
https://brightai.site/blogger/ai in soudi.html,404,19 Jan 2026 (20:50 UTC)
https://brightai.site/blogger/ai-consulting.html,404,19 Jan 2026 (20:50 UTC)
https://brightai.site/blogger/anal.html,404,19 Jan 2026 (20:50 UTC)
https://brightai.site/blogger/blog.html,404,19 Jan 2026 (20:50 UTC)
https://brightai.site/blogger/consultation.html,404,19 Jan 2026 (20:50 UTC)
https://brightai.site/blogger/index.html,404,19 Jan 2026 (20:50 UTC)
https://brightai.site/blogger/moneyy.html,404,19 Jan 2026 (20:50 UTC)
https://brightai.site/blogger/our-products.html,404,19 Jan 2026 (20:50 UTC)
https://brightai.site/blogger/r24v.html,404,19 Jan 2026 (20:50 UTC)
https://brightai.site/blogger/rc524.html,404,19 Jan 2026 (20:50 UTC)
https://brightai.site/blogger/smart-automation.html,404,19 Jan 2026 (20:50 UTC)
https://brightai.site/blogger/tadbagat.html,404,19 Jan 2026 (20:50 UTC)
https://brightai.site/blogger/will-ai-change-job-future-saudi-arabia.html,404,19 Jan 2026 (20:50 UTC)
https://brightai.site/botAI/Saudi tourism and heritage services/index.html,404,19 Jan 2026 (20:50 UTC)
https://brightai.site/cdn-cgi/l/email-protection,404,19 Jan 2026 (20:50 UTC)
https://brightai.site/data-benefits.html,404,19 Jan 2026 (20:50 UTC)
https://brightai.site/definitions.html,404,19 Jan 2026 (20:50 UTC)
https://brightai.site/docs.html,404,19 Jan 2026 (20:50 UTC)
https://brightai.site/h/index.html,404,19 Jan 2026 (20:50 UTC)
